{
  "overall": {
    "mse": 0.165190190076828,
    "mae": 0.3731522858142853,
    "r2": -3.2783703804016113,
    "ece": 0.33786289757964283,
    "n_samples": 352,
    "mae_low": 0.484375,
    "mae_medium": 0.12525202333927155,
    "mae_high": 0.42595019936561584,
    "loss": 0.16971866190433502
  },
  "per_dataset": {
    "prm800k": {
      "mse": 0.165190190076828,
      "mae": 0.3731522858142853,
      "r2": -3.2783703804016113,
      "ece": 0.33786289757964283,
      "n_samples": 352,
      "mae_low": 0.484375,
      "mae_medium": 0.12525202333927155,
      "mae_high": 0.42595019936561584
    }
  }
}